Fecha,ACTIVA,Tipo
2020-01-01,109396.0,Histórico
2020-01-02,121498.0,Histórico
2020-01-03,125301.0,Histórico
2020-01-04,121269.0,Histórico
2020-01-05,120363.0,Histórico
2020-01-06,126826.0,Histórico
2020-01-07,142504.0,Histórico
2020-01-08,137662.0,Histórico
2020-01-09,134216.0,Histórico
2020-01-10,122343.0,Histórico
2020-01-11,109357.0,Histórico
2020-01-12,106259.0,Histórico
2020-01-13,119514.0,Histórico
2020-01-14,127062.0,Histórico
2020-01-15,129096.0,Histórico
2020-01-16,132025.0,Histórico
2020-01-17,130860.0,Histórico
2020-01-18,114407.0,Histórico
2020-01-19,107068.0,Histórico
2020-01-20,121062.0,Histórico
2020-01-21,128930.0,Histórico
2020-01-22,140163.0,Histórico
2020-01-23,137414.0,Histórico
2020-01-24,120018.0,Histórico
2020-01-25,120464.0,Histórico
2020-01-26,121107.0,Histórico
2020-01-27,145918.0,Histórico
2020-01-28,140663.0,Histórico
2020-01-29,141447.0,Histórico
2020-01-30,136508.0,Histórico
2020-01-31,139922.0,Histórico
2020-02-01,125690.0,Histórico
2020-02-02,109139.0,Histórico
2020-02-03,133478.0,Histórico
2020-02-04,140276.0,Histórico
2020-02-05,134776.0,Histórico
2020-02-06,130301.0,Histórico
2020-02-07,129301.0,Histórico
2020-02-08,126921.0,Histórico
2020-02-09,121456.0,Histórico
2020-02-10,135833.0,Histórico
2020-02-11,135686.0,Histórico
2020-02-12,125888.0,Histórico
2020-02-13,121984.0,Histórico
2020-02-14,127039.0,Histórico
2020-02-15,114419.0,Histórico
2020-02-16,114252.0,Histórico
2020-02-17,134892.0,Histórico
2020-02-18,132883.0,Histórico
2020-02-19,135807.0,Histórico
2020-02-20,136613.0,Histórico
2020-02-21,141027.0,Histórico
2020-02-22,122537.0,Histórico
2020-02-23,117273.0,Histórico
2020-02-24,134818.0,Histórico
2020-02-25,134138.0,Histórico
2020-02-26,132139.0,Histórico
2020-02-27,115496.0,Histórico
2020-02-28,127762.0,Histórico
2020-02-29,126404.0,Histórico
2020-03-01,116271.0,Histórico
2020-03-02,131130.0,Histórico
2020-03-03,137698.0,Histórico
2020-03-04,135225.0,Histórico
2020-03-05,133182.0,Histórico
2020-03-06,132657.0,Histórico
2020-03-07,116102.0,Histórico
2020-03-08,114230.0,Histórico
2020-03-09,140571.0,Histórico
2020-03-10,123679.0,Histórico
2020-03-11,135291.0,Histórico
2020-03-12,142468.0,Histórico
2020-03-13,139904.0,Histórico
2020-03-14,131570.0,Histórico
2020-03-15,124262.0,Histórico
2020-03-16,134121.0,Histórico
2020-03-17,136091.0,Histórico
2020-03-18,123709.0,Histórico
2020-03-19,124517.0,Histórico
2020-03-20,130368.0,Histórico
2020-03-21,122207.0,Histórico
2020-03-22,117736.0,Histórico
2020-03-23,115596.0,Histórico
2020-03-24,124128.0,Histórico
2020-03-25,116815.0,Histórico
2020-03-26,114251.0,Histórico
2020-03-27,110732.0,Histórico
2020-03-28,110370.0,Histórico
2020-03-29,100166.0,Histórico
2020-03-30,98796.0,Histórico
2020-03-31,105267.0,Histórico
2020-04-01,98173.0,Histórico
2020-04-02,107070.0,Histórico
2020-04-03,114274.0,Histórico
2020-04-04,108230.0,Histórico
2020-04-05,96729.0,Histórico
2020-04-06,103004.0,Histórico
2020-04-07,104812.0,Histórico
2020-04-08,95647.0,Histórico
2020-04-09,100207.0,Histórico
2020-04-10,100906.0,Histórico
2020-04-11,102930.0,Histórico
2020-04-12,97703.0,Histórico
2020-04-13,109229.0,Histórico
2020-04-14,109991.0,Histórico
2020-04-15,112655.0,Histórico
2020-04-16,115981.0,Histórico
2020-04-17,107224.0,Histórico
2020-04-18,105287.0,Histórico
2020-04-19,105525.0,Histórico
2020-04-20,114202.0,Histórico
2020-04-21,118336.0,Histórico
2020-04-22,115604.0,Histórico
2020-04-23,113399.0,Histórico
2020-04-24,111914.0,Histórico
2020-04-25,109149.0,Histórico
2020-04-26,95736.0,Histórico
2020-04-27,103908.0,Histórico
2020-04-28,106848.0,Histórico
2020-04-29,113433.0,Histórico
2020-04-30,106905.0,Histórico
2020-05-01,106944.0,Histórico
2020-05-02,106334.0,Histórico
2020-05-03,93708.0,Histórico
2020-05-04,105138.0,Histórico
2020-05-05,109234.0,Histórico
2020-05-06,113196.0,Histórico
2020-05-07,114389.0,Histórico
2020-05-08,95463.0,Histórico
2020-05-09,90166.0,Histórico
2020-05-10,97727.0,Histórico
2020-05-11,110911.0,Histórico
2020-05-12,97889.0,Histórico
2020-05-13,95569.0,Histórico
2020-05-14,107005.0,Histórico
2020-05-15,106631.0,Histórico
2020-05-16,93337.0,Histórico
2020-05-17,98015.0,Histórico
2020-05-18,103239.0,Histórico
2020-05-19,104984.0,Histórico
2020-05-20,103965.0,Histórico
2020-05-21,108514.0,Histórico
2020-05-22,109176.0,Histórico
2020-05-23,105857.0,Histórico
2020-05-24,88358.0,Histórico
2020-05-25,80877.0,Histórico
2020-05-26,91926.0,Histórico
2020-05-27,100029.0,Histórico
2020-05-28,103673.0,Histórico
2020-05-29,104996.0,Histórico
2020-05-30,102716.0,Histórico
2020-05-31,96279.0,Histórico
2020-06-01,104643.0,Histórico
2020-06-02,107904.0,Histórico
2020-06-03,109456.0,Histórico
2020-06-04,106249.0,Histórico
2020-06-05,107717.0,Histórico
2020-06-06,105012.0,Histórico
2020-06-07,101158.0,Histórico
2020-06-08,96892.0,Histórico
2020-06-09,108320.0,Histórico
2020-06-10,113411.0,Histórico
2020-06-11,112755.0,Histórico
2020-06-12,103819.0,Histórico
2020-06-13,104686.0,Histórico
2020-06-14,103178.0,Histórico
2020-06-15,96954.0,Histórico
2020-06-16,107607.0,Histórico
2020-06-17,113474.0,Histórico
2020-06-18,113120.0,Histórico
2020-06-19,106622.0,Histórico
2020-06-20,106020.0,Histórico
2020-06-21,104480.0,Histórico
2020-06-22,104016.0,Histórico
2020-06-23,115500.0,Histórico
2020-06-24,117863.0,Histórico
2020-06-25,118770.0,Histórico
2020-06-26,113214.0,Histórico
2020-06-27,109072.0,Histórico
2020-06-28,103837.0,Histórico
2020-06-29,104342.0,Histórico
2020-06-30,115278.0,Histórico
2020-07-01,108962.0,Histórico
2020-07-02,110221.0,Histórico
2020-07-03,111531.0,Histórico
2020-07-04,105193.0,Histórico
2020-07-05,100091.0,Histórico
2020-07-06,111331.0,Histórico
2020-07-07,112590.0,Histórico
2020-07-08,115307.0,Histórico
2020-07-09,117358.0,Histórico
2020-07-10,109603.0,Histórico
2020-07-11,106696.0,Histórico
2020-07-12,104756.0,Histórico
2020-07-13,119626.0,Histórico
2020-07-14,118482.0,Histórico
2020-07-15,115880.0,Histórico
2020-07-16,118716.0,Histórico
2020-07-17,118305.0,Histórico
2020-07-18,107939.0,Histórico
2020-07-19,103980.0,Histórico
2020-07-20,106371.0,Histórico
2020-07-21,118236.0,Histórico
2020-07-22,117999.0,Histórico
2020-07-23,117203.0,Histórico
2020-07-24,120211.0,Histórico
2020-07-25,108327.0,Histórico
2020-07-26,101466.0,Histórico
2020-07-27,116771.0,Histórico
2020-07-28,122388.0,Histórico
2020-07-29,117136.0,Histórico
2020-07-30,120453.0,Histórico
2020-07-31,119480.0,Histórico
2020-08-01,113807.0,Histórico
2020-08-02,107191.0,Histórico
2020-08-03,123609.0,Histórico
2020-08-04,124481.0,Histórico
2020-08-05,123662.0,Histórico
2020-08-06,114864.0,Histórico
2020-08-07,103305.0,Histórico
2020-08-08,104628.0,Histórico
2020-08-09,98557.0,Histórico
2020-08-10,117982.0,Histórico
2020-08-11,122709.0,Histórico
2020-08-12,128679.0,Histórico
2020-08-13,126622.0,Histórico
2020-08-14,125360.0,Histórico
2020-08-15,114870.0,Histórico
2020-08-16,114831.0,Histórico
2020-08-17,105663.0,Histórico
2020-08-18,127329.0,Histórico
2020-08-19,134525.0,Histórico
2020-08-20,138665.0,Histórico
2020-08-21,104878.0,Histórico
2020-08-22,78406.0,Histórico
2020-08-23,76932.0,Histórico
2020-08-24,88799.0,Histórico
2020-08-25,105665.0,Histórico
2020-08-26,117480.0,Histórico
2020-08-27,118831.0,Histórico
2020-08-28,123216.0,Histórico
2020-08-29,116112.0,Histórico
2020-08-30,111327.0,Histórico
2020-08-31,127206.0,Histórico
2020-09-01,127127.0,Histórico
2020-09-02,126838.0,Histórico
2020-09-03,127824.0,Histórico
2020-09-04,129058.0,Histórico
2020-09-05,117475.0,Histórico
2020-09-06,112177.0,Histórico
2020-09-07,135100.0,Histórico
2020-09-08,135295.0,Histórico
2020-09-09,125670.0,Histórico
2020-09-10,127986.0,Histórico
2020-09-11,125984.0,Histórico
2020-09-12,121338.0,Histórico
2020-09-13,117504.0,Histórico
2020-09-14,129489.0,Histórico
2020-09-15,117066.0,Histórico
2020-09-16,119873.0,Histórico
2020-09-17,129351.0,Histórico
2020-09-18,130818.0,Histórico
2020-09-19,120810.0,Histórico
2020-09-20,113326.0,Histórico
2020-09-21,126689.0,Histórico
2020-09-22,128869.0,Histórico
2020-09-23,131376.0,Histórico
2020-09-24,127041.0,Histórico
2020-09-25,127482.0,Histórico
2020-09-26,115400.0,Histórico
2020-09-27,114785.0,Histórico
2020-09-28,132939.0,Histórico
2020-09-29,116921.0,Histórico
2020-09-30,120214.0,Histórico
2020-10-01,136234.51004759385,Histórico
2020-10-02,135875.51004759385,Histórico
2020-10-03,141500.51004759385,Histórico
2020-10-04,130343.51004759387,Histórico
2020-10-05,127828.51004759387,Histórico
2020-10-06,125620.51004759387,Histórico
2020-10-07,139732.51004759385,Histórico
2020-10-08,136158.51004759385,Histórico
2020-10-09,129395.51004759387,Histórico
2020-10-10,124739.51004759387,Histórico
2020-10-11,134717.51004759385,Histórico
2020-10-12,122213.51004759387,Histórico
2020-10-13,117076.51004759387,Histórico
2020-10-14,122681.51004759387,Histórico
2020-10-15,127320.51004759387,Histórico
2020-10-16,133611.51004759385,Histórico
2020-10-17,130359.51004759387,Histórico
2020-10-18,122077.51004759387,Histórico
2020-10-19,116865.51004759387,Histórico
2020-10-20,113294.51004759387,Histórico
2020-10-21,138126.51004759385,Histórico
2020-10-22,137257.51004759385,Histórico
2020-10-23,131882.51004759385,Histórico
2020-10-24,126309.51004759387,Histórico
2020-10-25,133433.51004759385,Histórico
2020-10-26,131929.51004759385,Histórico
2020-10-27,115802.51004759387,Histórico
2020-10-28,140402.51004759385,Histórico
2020-10-29,137544.51004759385,Histórico
2020-10-30,139279.51004759385,Histórico
2020-10-31,137903.51004759385,Histórico
2020-11-01,121518.51004759387,Histórico
2020-11-02,126351.51004759387,Histórico
2020-11-03,119371.51004759387,Histórico
2020-11-04,121672.51004759387,Histórico
2020-11-05,134716.51004759385,Histórico
2020-11-06,137110.51004759385,Histórico
2020-11-07,135797.51004759385,Histórico
2020-11-08,138464.51004759385,Histórico
2020-11-09,134797.51004759385,Histórico
2020-11-10,112332.51004759387,Histórico
2020-11-11,112349.51004759387,Histórico
2020-11-12,127404.51004759387,Histórico
2020-11-13,130592.51004759387,Histórico
2020-11-14,133056.51004759385,Histórico
2020-11-15,117830.51004759387,Histórico
2020-11-16,114397.51004759387,Histórico
2020-11-17,116199.51004759387,Histórico
2020-11-18,140563.51004759385,Histórico
2020-11-19,121964.51004759387,Histórico
2020-11-20,126980.51004759387,Histórico
2020-11-21,134348.51004759385,Histórico
2020-11-22,128755.51004759387,Histórico
2020-11-23,111276.51004759387,Histórico
2020-11-24,106773.51004759387,Histórico
2020-11-25,131375.51004759385,Histórico
2020-11-26,131423.51004759385,Histórico
2020-11-27,127024.51004759387,Histórico
2020-11-28,131579.51004759385,Histórico
2020-11-29,121616.51004759387,Histórico
2020-11-30,124593.51004759387,Histórico
2020-12-01,129422.0,Histórico
2020-12-02,135058.0,Histórico
2020-12-03,116489.0,Histórico
2020-12-04,124186.0,Histórico
2020-12-05,113818.0,Histórico
2020-12-06,111184.0,Histórico
2020-12-07,128508.0,Histórico
2020-12-08,110956.0,Histórico
2020-12-09,125421.0,Histórico
2020-12-10,131115.0,Histórico
2020-12-11,124760.0,Histórico
2020-12-12,110471.0,Histórico
2020-12-13,109532.0,Histórico
2020-12-14,109622.0,Histórico
2020-12-15,119269.0,Histórico
2020-12-16,120692.0,Histórico
2020-12-17,129145.0,Histórico
2020-12-18,111947.0,Histórico
2020-12-19,117682.0,Histórico
2020-12-20,113339.0,Histórico
2020-12-21,130571.0,Histórico
2020-12-22,124682.0,Histórico
2020-12-23,127418.0,Histórico
2020-12-24,116665.0,Histórico
2020-12-25,114607.0,Histórico
2020-12-26,120056.0,Histórico
2020-12-27,111001.0,Histórico
2020-12-28,113914.0,Histórico
2020-12-29,111995.0,Histórico
2020-12-30,122498.0,Histórico
2020-12-31,125296.0,Histórico
2021-01-01,114416.0,Histórico
2021-01-02,113775.0,Histórico
2021-01-03,108594.0,Histórico
2021-01-04,112991.0,Histórico
2021-01-05,115188.0,Histórico
2021-01-06,108288.0,Histórico
2021-01-07,111321.0,Histórico
2021-01-08,115148.0,Histórico
2021-01-09,112357.0,Histórico
2021-01-10,106817.0,Histórico
2021-01-11,116016.0,Histórico
2021-01-12,125784.0,Histórico
2021-01-13,117725.0,Histórico
2021-01-14,117004.0,Histórico
2021-01-15,123870.0,Histórico
2021-01-16,115615.0,Histórico
2021-01-17,111654.0,Histórico
2021-01-18,126669.0,Histórico
2021-01-19,103744.0,Histórico
2021-01-20,113803.0,Histórico
2021-01-21,114153.0,Histórico
2021-01-22,111700.0,Histórico
2021-01-23,107174.0,Histórico
2021-01-24,106293.0,Histórico
2021-01-25,122975.0,Histórico
2021-01-26,121948.0,Histórico
2021-01-27,120520.0,Histórico
2021-01-28,118494.0,Histórico
2021-01-29,109520.0,Histórico
2021-01-30,111419.0,Histórico
2021-01-31,102429.0,Histórico
2021-02-01,112301.0,Histórico
2021-02-02,114080.0,Histórico
2021-02-03,121708.0,Histórico
2021-02-04,121236.0,Histórico
2021-02-05,106147.0,Histórico
2021-02-06,108808.0,Histórico
2021-02-07,109424.0,Histórico
2021-02-08,112710.0,Histórico
2021-02-09,107602.0,Histórico
2021-02-10,117944.0,Histórico
2021-02-11,115906.0,Histórico
2021-02-12,116603.0,Histórico
2021-02-13,109424.0,Histórico
2021-02-14,104286.0,Histórico
2021-02-15,124236.0,Histórico
2021-02-16,119354.0,Histórico
2021-02-17,116651.0,Histórico
2021-02-18,119558.0,Histórico
2021-02-19,113009.0,Histórico
2021-02-20,109493.0,Histórico
2021-02-21,107223.0,Histórico
2021-02-22,122270.0,Histórico
2021-02-23,113601.0,Histórico
2021-02-24,115354.0,Histórico
2021-02-25,116619.0,Histórico
2021-02-26,107278.0,Histórico
2021-02-27,109331.0,Histórico
2021-02-28,100320.0,Histórico
2021-03-01,112099.0,Histórico
2021-03-02,110383.0,Histórico
2021-03-03,109677.0,Histórico
2021-03-04,110800.0,Histórico
2021-03-05,114602.0,Histórico
2021-03-06,113150.0,Histórico
2021-03-07,99262.0,Histórico
2021-03-08,118863.0,Histórico
2021-03-09,104879.0,Histórico
2021-03-10,111241.0,Histórico
2021-03-11,111686.0,Histórico
2021-03-12,109874.0,Histórico
2021-03-13,109956.0,Histórico
2021-03-14,104832.0,Histórico
2021-03-15,122104.0,Histórico
2021-03-16,114284.0,Histórico
2021-03-17,116805.0,Histórico
2021-03-18,114351.0,Histórico
2021-03-19,116599.0,Histórico
2021-03-20,114150.0,Histórico
2021-03-21,107602.0,Histórico
2021-03-22,108843.0,Histórico
2021-03-23,114882.0,Histórico
2021-03-24,114695.0,Histórico
2021-03-25,113558.0,Histórico
2021-03-26,117248.0,Histórico
2021-03-27,109787.0,Histórico
2021-03-28,101400.0,Histórico
2021-03-29,114644.0,Histórico
2021-03-30,108923.0,Histórico
2021-03-31,109957.0,Histórico
2021-04-01,105951.0,Histórico
2021-04-02,97226.0,Histórico
2021-04-03,105383.0,Histórico
2021-04-04,99953.0,Histórico
2021-04-05,116393.0,Histórico
2021-04-06,117448.0,Histórico
2021-04-07,118429.0,Histórico
2021-04-08,124285.0,Histórico
2021-04-09,120428.0,Histórico
2021-04-10,104857.0,Histórico
2021-04-11,98972.0,Histórico
2021-04-12,122166.0,Histórico
2021-04-13,113570.0,Histórico
2021-04-14,115341.0,Histórico
2021-04-15,117792.0,Histórico
2021-04-16,119973.0,Histórico
2021-04-17,111871.0,Histórico
2021-04-18,96752.0,Histórico
2021-04-19,109306.0,Histórico
2021-04-20,115732.0,Histórico
2021-04-21,117690.0,Histórico
2021-04-22,122614.0,Histórico
2021-04-23,119582.0,Histórico
2021-04-24,115518.0,Histórico
2021-04-25,99519.0,Histórico
2021-04-26,119636.0,Histórico
2021-04-27,114488.0,Histórico
2021-04-28,113311.0,Histórico
2021-04-29,107185.0,Histórico
2021-04-30,105632.0,Histórico
2021-05-01,99132.0,Histórico
2021-05-02,102103.0,Histórico
2021-05-03,117413.0,Histórico
2021-05-04,120418.0,Histórico
2021-05-05,126204.0,Histórico
2021-05-06,111520.0,Histórico
2021-05-07,112083.0,Histórico
2021-05-08,95253.0,Histórico
2021-05-09,86983.0,Histórico
2021-05-10,106401.0,Histórico
2021-05-11,112121.0,Histórico
2021-05-12,118625.0,Histórico
2021-05-13,117449.0,Histórico
2021-05-14,112205.0,Histórico
2021-05-15,106955.0,Histórico
2021-05-16,103836.0,Histórico
2021-05-17,104261.0,Histórico
2021-05-18,119110.0,Histórico
2021-05-19,118521.0,Histórico
2021-05-20,122575.0,Histórico
2021-05-21,126353.0,Histórico
2021-05-22,112781.0,Histórico
2021-05-23,107111.0,Histórico
2021-05-24,122313.0,Histórico
2021-05-25,114164.0,Histórico
2021-05-26,110294.0,Histórico
2021-05-27,120275.0,Histórico
2021-05-28,118920.0,Histórico
2021-05-29,115430.0,Histórico
2021-05-30,104315.0,Histórico
2021-05-31,114451.0,Histórico
2021-06-01,119027.0,Histórico
2021-06-02,122382.0,Histórico
2021-06-03,125368.0,Histórico
2021-06-04,117213.0,Histórico
2021-06-05,111248.0,Histórico
2021-06-06,103555.0,Histórico
2021-06-07,106707.0,Histórico
2021-06-08,121581.0,Histórico
2021-06-09,117216.0,Histórico
2021-06-10,124847.0,Histórico
2021-06-11,123782.0,Histórico
2021-06-12,108567.0,Histórico
2021-06-13,92851.0,Histórico
2021-06-14,102509.0,Histórico
2021-06-15,112278.0,Histórico
2021-06-16,107316.0,Histórico
2021-06-17,107308.0,Histórico
2021-06-18,109821.0,Histórico
2021-06-19,95128.0,Histórico
2021-06-20,96073.0,Histórico
2021-06-21,108660.0,Histórico
2021-06-22,109943.0,Histórico
2021-06-23,117375.0,Histórico
2021-06-24,117617.0,Histórico
2021-06-25,112594.0,Histórico
2021-06-26,95659.0,Histórico
2021-06-27,100697.0,Histórico
2021-06-28,119069.0,Histórico
2021-06-29,98526.0,Histórico
2021-06-30,84553.0,Histórico
2021-07-01,88815.0,Histórico
2021-07-02,96159.0,Histórico
2021-07-03,96326.0,Histórico
2021-07-04,85414.0,Histórico
2021-07-05,102809.0,Histórico
2021-07-06,112041.0,Histórico
2021-07-07,116121.0,Histórico
2021-07-08,118519.0,Histórico
2021-07-09,119023.0,Histórico
2021-07-10,115621.0,Histórico
2021-07-11,99605.0,Histórico
2021-07-12,116675.0,Histórico
2021-07-13,121047.0,Histórico
2021-07-14,121107.0,Histórico
2021-07-15,123480.0,Histórico
2021-07-16,119318.0,Histórico
2021-07-17,107095.0,Histórico
2021-07-18,107480.0,Histórico
2021-07-19,108408.0,Histórico
2021-07-20,100517.0,Histórico
2021-07-21,116615.0,Histórico
2021-07-22,125167.0,Histórico
2021-07-23,130669.0,Histórico
2021-07-24,120082.0,Histórico
2021-07-25,110889.0,Histórico
2021-07-26,127088.0,Histórico
2021-07-27,125821.0,Histórico
2021-07-28,127908.0,Histórico
2021-07-29,107732.0,Histórico
2021-07-30,102999.0,Histórico
2021-07-31,97807.0,Histórico
2021-08-01,97934.0,Histórico
2021-08-02,122364.0,Histórico
2021-08-03,119764.0,Histórico
2021-08-04,121731.0,Histórico
2021-08-05,122127.0,Histórico
2021-08-06,129804.0,Histórico
2021-08-07,122735.0,Histórico
2021-08-08,114568.0,Histórico
2021-08-09,134882.0,Histórico
2021-08-10,123112.0,Histórico
2021-08-11,130004.0,Histórico
2021-08-12,110339.0,Histórico
2021-08-13,113823.0,Histórico
2021-08-14,114079.0,Histórico
2021-08-15,107016.0,Histórico
2021-08-16,113864.0,Histórico
2021-08-17,128073.0,Histórico
2021-08-18,127928.0,Histórico
2021-08-19,131190.0,Histórico
2021-08-20,137786.0,Histórico
2021-08-21,124123.0,Histórico
2021-08-22,116673.0,Histórico
2021-08-23,135477.0,Histórico
2021-08-24,141393.0,Histórico
2021-08-25,149421.0,Histórico
2021-08-26,152136.0,Histórico
2021-08-27,143396.0,Histórico
2021-08-28,123606.0,Histórico
2021-08-29,102895.0,Histórico
2021-08-30,118654.0,Histórico
2021-08-31,118670.0,Histórico
2021-09-01,122894.0,Histórico
2021-09-02,128036.0,Histórico
2021-09-03,134400.0,Histórico
2021-09-04,127512.0,Histórico
2021-09-05,121616.0,Histórico
2021-09-06,129322.0,Histórico
2021-09-07,131721.0,Histórico
2021-09-08,134846.0,Histórico
2021-09-09,133568.0,Histórico
2021-09-10,122656.0,Histórico
2021-09-11,116831.0,Histórico
2021-09-12,111372.0,Histórico
2021-09-13,124520.0,Histórico
2021-09-14,124737.0,Histórico
2021-09-15,133095.0,Histórico
2021-09-16,121983.0,Histórico
2021-09-17,113522.0,Histórico
2021-09-18,115688.0,Histórico
2021-09-19,118578.0,Histórico
2021-09-20,139114.0,Histórico
2021-09-21,133711.0,Histórico
2021-09-22,121409.0,Histórico
2021-09-23,118764.0,Histórico
2021-09-24,126993.0,Histórico
2021-09-25,119840.0,Histórico
2021-09-26,112138.0,Histórico
2021-09-27,129363.0,Histórico
2021-09-28,134057.0,Histórico
2021-09-29,127349.0,Histórico
2021-09-30,128471.0,Histórico
2021-10-01,132285.0,Histórico
2021-10-02,125266.0,Histórico
2021-10-03,115836.0,Histórico
2021-10-04,133305.0,Histórico
2021-10-05,124528.0,Histórico
2021-10-06,118335.0,Histórico
2021-10-07,126467.0,Histórico
2021-10-08,122729.0,Histórico
2021-10-09,126868.0,Histórico
2021-10-10,126088.0,Histórico
2021-10-11,142321.0,Histórico
2021-10-12,124297.0,Histórico
2021-10-13,139393.0,Histórico
2021-10-14,145375.0,Histórico
2021-10-15,144559.0,Histórico
2021-10-16,127144.0,Histórico
2021-10-17,104394.0,Histórico
2021-10-18,111891.0,Histórico
2021-10-19,134739.0,Histórico
2021-10-20,123100.0,Histórico
2021-10-21,129568.0,Histórico
2021-10-22,137129.0,Histórico
2021-10-23,126264.0,Histórico
2021-10-24,121866.0,Histórico
2021-10-25,133889.0,Histórico
2021-10-26,125182.0,Histórico
2021-10-27,129151.0,Histórico
2021-10-28,125675.0,Histórico
2021-10-29,131870.0,Histórico
2021-10-30,117862.0,Histórico
2021-10-31,117443.0,Histórico
2021-11-01,124747.0,Histórico
2021-11-02,131431.0,Histórico
2021-11-03,141748.0,Histórico
2021-11-04,144393.0,Histórico
2021-11-05,140311.0,Histórico
2021-11-06,129383.0,Histórico
2021-11-07,109999.0,Histórico
2021-11-08,129390.0,Histórico
2021-11-09,136540.0,Histórico
2021-11-10,134008.0,Histórico
2021-11-11,135726.0,Histórico
2021-11-12,124197.0,Histórico
2021-11-13,122165.0,Histórico
2021-11-14,118353.0,Histórico
2021-11-15,121488.0,Histórico
2021-11-16,119231.0,Histórico
2021-11-17,126224.0,Histórico
2021-11-18,122241.0,Histórico
2021-11-19,120329.0,Histórico
2021-11-20,115961.0,Histórico
2021-11-21,112024.0,Histórico
2021-11-22,120981.0,Histórico
2021-11-23,133196.0,Histórico
2021-11-24,127960.0,Histórico
2021-11-25,131724.0,Histórico
2021-11-26,140369.0,Histórico
2021-11-27,131873.0,Histórico
2021-11-28,119440.0,Histórico
2021-11-29,135029.0,Histórico
2021-11-30,122755.0,Histórico
2021-12-01,130952.0,Histórico
2021-12-02,129304.0,Histórico
2021-12-03,120471.0,Histórico
2021-12-04,119801.0,Histórico
2021-12-05,112442.0,Histórico
2021-12-06,127621.0,Histórico
2021-12-07,129467.0,Histórico
2021-12-08,125866.0,Histórico
2021-12-09,131434.0,Histórico
2021-12-10,119625.0,Histórico
2021-12-11,118379.0,Histórico
2021-12-12,118664.0,Histórico
2021-12-13,138529.0,Histórico
2021-12-14,132840.0,Histórico
2021-12-15,136046.0,Histórico
2021-12-16,133279.0,Histórico
2021-12-17,127652.0,Histórico
2021-12-18,124756.0,Histórico
2021-12-19,113094.0,Histórico
2021-12-20,131310.0,Histórico
2021-12-21,128379.0,Histórico
2021-12-22,131252.0,Histórico
2021-12-23,129385.0,Histórico
2021-12-24,116062.0,Histórico
2021-12-25,112112.0,Histórico
2021-12-26,115937.0,Histórico
2021-12-27,132945.0,Histórico
2021-12-28,132305.0,Histórico
2021-12-29,118195.0,Histórico
2021-12-30,121350.0,Histórico
2021-12-31,120117.0,Histórico
2022-01-01,110322.0,Histórico
2022-01-02,114462.0,Histórico
2022-01-03,128347.0,Histórico
2022-01-04,129087.0,Histórico
2022-01-05,133059.0,Histórico
2022-01-06,130634.0,Histórico
2022-01-07,121399.0,Histórico
2022-01-08,118148.0,Histórico
2022-01-09,106668.0,Histórico
2022-01-10,114975.0,Histórico
2022-01-11,131829.0,Histórico
2022-01-12,138379.0,Histórico
2022-01-13,124606.0,Histórico
2022-01-14,129507.0,Histórico
2022-01-15,122500.0,Histórico
2022-01-16,113871.0,Histórico
2022-01-17,129119.0,Histórico
2022-01-18,135965.0,Histórico
2022-01-19,136718.0,Histórico
2022-01-20,121822.0,Histórico
2022-01-21,120693.0,Histórico
2022-01-22,112418.0,Histórico
2022-01-23,110647.0,Histórico
2022-01-24,122565.0,Histórico
2022-01-25,109163.0,Histórico
2022-01-26,123338.0,Histórico
2022-01-27,129443.0,Histórico
2022-01-28,133254.0,Histórico
2022-01-29,127149.0,Histórico
2022-01-30,119181.0,Histórico
2022-01-31,136016.0,Histórico
2022-02-01,140552.0,Histórico
2022-02-02,126571.0,Histórico
2022-02-03,121323.0,Histórico
2022-02-04,113326.0,Histórico
2022-02-05,114515.0,Histórico
2022-02-06,109287.0,Histórico
2022-02-07,115881.0,Histórico
2022-02-08,121323.0,Histórico
2022-02-09,122252.0,Histórico
2022-02-10,132034.0,Histórico
2022-02-11,136848.0,Histórico
2022-02-12,127781.0,Histórico
2022-02-13,108301.0,Histórico
2022-02-14,125388.0,Histórico
2022-02-15,133422.0,Histórico
2022-02-16,121370.0,Histórico
2022-02-17,119048.0,Histórico
2022-02-18,125570.0,Histórico
2022-02-19,118040.0,Histórico
2022-02-20,111502.0,Histórico
2022-02-21,126410.0,Histórico
2022-02-22,110346.0,Histórico
2022-02-23,117523.0,Histórico
2022-02-24,130022.0,Histórico
2022-02-25,120806.0,Histórico
2022-02-26,118018.0,Histórico
2022-02-27,109632.0,Histórico
2022-02-28,120267.0,Histórico
2022-03-01,122641.0,Histórico
2022-03-02,119920.0,Histórico
2022-03-03,125035.0,Histórico
2022-03-04,125769.0,Histórico
2022-03-05,125407.0,Histórico
2022-03-06,111365.0,Histórico
2022-03-07,122642.0,Histórico
2022-03-08,122556.0,Histórico
2022-03-09,119632.0,Histórico
2022-03-10,128291.0,Histórico
2022-03-11,116900.0,Histórico
2022-03-12,106950.0,Histórico
2022-03-13,104377.0,Histórico
2022-03-14,123177.0,Histórico
2022-03-15,126097.0,Histórico
2022-03-16,113280.0,Histórico
2022-03-17,127119.0,Histórico
2022-03-18,135381.0,Histórico
2022-03-19,114274.0,Histórico
2022-03-20,108940.0,Histórico
2022-03-21,107879.0,Histórico
2022-03-22,127637.0,Histórico
2022-03-23,129158.0,Histórico
2022-03-24,116845.0,Histórico
2022-03-25,126290.0,Histórico
2022-03-26,122506.0,Histórico
2022-03-27,105078.0,Histórico
2022-03-28,120392.0,Histórico
2022-03-29,115353.0,Histórico
2022-03-30,125680.0,Histórico
2022-03-31,128219.0,Histórico
2022-04-01,120841.0,Histórico
2022-04-02,99075.0,Histórico
2022-04-03,92259.0,Histórico
2022-04-04,118335.0,Histórico
2022-04-05,130351.0,Histórico
2022-04-06,128888.0,Histórico
2022-04-07,130976.0,Histórico
2022-04-08,130451.0,Histórico
2022-04-09,119454.0,Histórico
2022-04-10,100290.0,Histórico
2022-04-11,118027.0,Histórico
2022-04-12,125885.0,Histórico
2022-04-13,118316.0,Histórico
2022-04-14,108016.0,Histórico
2022-04-15,107428.0,Histórico
2022-04-16,106625.0,Histórico
2022-04-17,107277.0,Histórico
2022-04-18,111038.0,Histórico
2022-04-19,119670.0,Histórico
2022-04-20,117897.0,Histórico
2022-04-21,126005.0,Histórico
2022-04-22,129996.0,Histórico
2022-04-23,124546.0,Histórico
2022-04-24,115481.0,Histórico
2022-04-25,128862.0,Histórico
2022-04-26,135241.0,Histórico
2022-04-27,135616.0,Histórico
2022-04-28,135628.0,Histórico
2022-04-29,124408.0,Histórico
2022-04-30,115455.0,Histórico
2022-05-01,115718.0,Histórico
2022-05-02,125399.0,Histórico
2022-05-03,131646.0,Histórico
2022-05-04,123807.0,Histórico
2022-05-05,118296.0,Histórico
2022-05-06,121175.0,Histórico
2022-05-07,108953.0,Histórico
2022-05-08,108420.0,Histórico
2022-05-09,132983.0,Histórico
2022-05-10,135710.0,Histórico
2022-05-11,138011.0,Histórico
2022-05-12,131219.0,Histórico
2022-05-13,132652.0,Histórico
2022-05-14,121304.0,Histórico
2022-05-15,108535.0,Histórico
2022-05-16,126485.0,Histórico
2022-05-17,119095.0,Histórico
2022-05-18,105841.0,Histórico
2022-05-19,103438.0,Histórico
2022-05-20,100643.0,Histórico
2022-05-21,109175.0,Histórico
2022-05-22,110689.0,Histórico
2022-05-23,130368.0,Histórico
2022-05-24,128613.0,Histórico
2022-05-25,130898.0,Histórico
2022-05-26,130276.0,Histórico
2022-05-27,114535.0,Histórico
2022-05-28,116293.0,Histórico
2022-05-29,111248.0,Histórico
2022-05-30,108048.0,Histórico
2022-05-31,124242.0,Histórico
2022-06-01,116254.0,Histórico
2022-06-02,127307.0,Histórico
2022-06-03,121586.0,Histórico
2022-06-04,113679.0,Histórico
2022-06-05,108379.0,Histórico
2022-06-06,126791.0,Histórico
2022-06-07,124878.0,Histórico
2022-06-08,121663.0,Histórico
2022-06-09,124715.0,Histórico
2022-06-10,118193.0,Histórico
2022-06-11,103208.0,Histórico
2022-06-12,89971.0,Histórico
2022-06-13,102387.0,Histórico
2022-06-14,110338.0,Histórico
2022-06-15,118436.0,Histórico
2022-06-16,123130.0,Histórico
2022-06-17,123997.0,Histórico
2022-06-18,122786.0,Histórico
2022-06-19,115273.0,Histórico
2022-06-20,118302.0,Histórico
2022-06-21,128122.0,Histórico
2022-06-22,129989.0,Histórico
2022-06-23,134779.0,Histórico
2022-06-24,133355.0,Histórico
2022-06-25,115501.0,Histórico
2022-06-26,103902.0,Histórico
2022-06-27,107525.0,Histórico
2022-06-28,130872.0,Histórico
2022-06-29,127566.0,Histórico
2022-06-30,132885.0,Histórico
2022-07-01,136366.0,Histórico
2022-07-02,126149.0,Histórico
2022-07-03,111767.0,Histórico
2022-07-04,106070.0,Histórico
2022-07-05,123490.0,Histórico
2022-07-06,132377.0,Histórico
2022-07-07,125384.0,Histórico
2022-07-08,123604.0,Histórico
2022-07-09,118865.0,Histórico
2022-07-10,107700.0,Histórico
2022-07-11,123493.0,Histórico
2022-07-12,131142.0,Histórico
2022-07-13,125890.0,Histórico
2022-07-14,129123.0,Histórico
2022-07-15,133026.0,Histórico
2022-07-16,128676.0,Histórico
2022-07-17,123787.0,Histórico
2022-07-18,130310.0,Histórico
2022-07-19,125341.0,Histórico
2022-07-20,121842.0,Histórico
2022-07-21,131376.0,Histórico
2022-07-22,131484.0,Histórico
2022-07-23,128243.0,Histórico
2022-07-24,107618.0,Histórico
2022-07-25,129023.0,Histórico
2022-07-26,129100.0,Histórico
2022-07-27,123895.0,Histórico
2022-07-28,130136.0,Histórico
2022-07-29,130943.0,Histórico
2022-07-30,124382.0,Histórico
2022-07-31,121412.0,Histórico
2022-08-01,134129.0,Histórico
2022-08-02,136605.0,Histórico
2022-08-03,137105.0,Histórico
2022-08-04,131740.0,Histórico
2022-08-05,130566.0,Histórico
2022-08-06,126381.0,Histórico
2022-08-07,118362.0,Histórico
2022-08-08,131805.0,Histórico
2022-08-09,138570.0,Histórico
2022-08-10,130450.0,Histórico
2022-08-11,120079.0,Histórico
2022-08-12,127392.0,Histórico
2022-08-13,129377.0,Histórico
2022-08-14,117049.0,Histórico
2022-08-15,117878.0,Histórico
2022-08-16,125351.0,Histórico
2022-08-17,124138.0,Histórico
2022-08-18,132501.0,Histórico
2022-08-19,122013.0,Histórico
2022-08-20,100739.0,Histórico
2022-08-21,100433.0,Histórico
2022-08-22,120536.0,Histórico
2022-08-23,128001.0,Histórico
2022-08-24,135316.0,Histórico
2022-08-25,140388.0,Histórico
2022-08-26,128659.0,Histórico
2022-08-27,125927.0,Histórico
2022-08-28,94177.0,Histórico
2022-08-29,96509.0,Histórico
2022-08-30,118790.0,Histórico
2022-08-31,127364.0,Histórico
2022-09-01,138326.0,Histórico
2022-09-02,140358.0,Histórico
2022-09-03,136049.0,Histórico
2022-09-04,119018.0,Histórico
2022-09-05,124400.0,Histórico
2022-09-06,132914.0,Histórico
2022-09-07,139815.0,Histórico
2022-09-08,128032.0,Histórico
2022-09-09,133419.0,Histórico
2022-09-10,126238.0,Histórico
2022-09-11,119721.0,Histórico
2022-09-12,142454.0,Histórico
2022-09-13,148319.0,Histórico
2022-09-14,151569.0,Histórico
2022-09-15,144176.0,Histórico
2022-09-16,127842.0,Histórico
2022-09-17,129578.0,Histórico
2022-09-18,121774.0,Histórico
2022-09-19,146872.0,Histórico
2022-09-20,146322.0,Histórico
2022-09-21,150314.0,Histórico
2022-09-22,151959.0,Histórico
2022-09-23,132784.0,Histórico
2022-09-24,123179.0,Histórico
2022-09-25,124737.0,Histórico
2022-09-26,151504.0,Histórico
2022-09-27,157316.0,Histórico
2022-09-28,158590.0,Histórico
2022-09-29,148742.0,Histórico
2022-09-30,135150.0,Histórico
2022-10-01,130227.0,Histórico
2022-10-02,116964.0,Histórico
2022-10-03,124852.0,Histórico
2022-10-04,136346.0,Histórico
2022-10-05,145074.0,Histórico
2022-10-06,154745.0,Histórico
2022-10-07,132600.0,Histórico
2022-10-08,117801.0,Histórico
2022-10-09,115511.0,Histórico
2022-10-10,137330.0,Histórico
2022-10-11,141382.0,Histórico
2022-10-12,135714.0,Histórico
2022-10-13,134394.0,Histórico
2022-10-14,143598.0,Histórico
2022-10-15,134810.0,Histórico
2022-10-16,106633.0,Histórico
2022-10-17,116701.0,Histórico
2022-10-18,133533.0,Histórico
2022-10-19,135544.0,Histórico
2022-10-20,141171.0,Histórico
2022-10-21,138734.0,Histórico
2022-10-22,133940.0,Histórico
2022-10-23,113068.0,Histórico
2022-10-24,139958.0,Histórico
2022-10-25,141651.0,Histórico
2022-10-26,143246.0,Histórico
2022-10-27,145683.0,Histórico
2022-10-28,134678.0,Histórico
2022-10-29,117407.0,Histórico
2022-10-30,120216.0,Histórico
2022-10-31,141551.0,Histórico
2022-11-01,135284.0,Histórico
2022-11-02,99017.0,Histórico
2022-11-03,115856.0,Histórico
2022-11-04,130034.0,Histórico
2022-11-05,131264.0,Histórico
2022-11-06,125897.0,Histórico
2022-11-07,131663.0,Histórico
2022-11-08,152402.0,Histórico
2022-11-09,146927.0,Histórico
2022-11-10,152202.0,Histórico
2022-11-11,143745.0,Histórico
2022-11-12,129223.0,Histórico
2022-11-13,106206.0,Histórico
2022-11-14,127410.0,Histórico
2022-11-15,135189.0,Histórico
2022-11-16,131511.0,Histórico
2022-11-17,122806.0,Histórico
2022-11-18,127639.0,Histórico
2022-11-19,124955.0,Histórico
2022-11-20,120832.0,Histórico
2022-11-21,140106.0,Histórico
2022-11-22,134025.0,Histórico
2022-11-23,120016.0,Histórico
2022-11-24,139766.0,Histórico
2022-11-25,135459.0,Histórico
2022-11-26,131531.0,Histórico
2022-11-27,115547.0,Histórico
2022-11-28,130692.0,Histórico
2022-11-29,141182.0,Histórico
2022-11-30,149722.0,Histórico
2022-12-01,152409.0,Histórico
2022-12-02,149289.0,Histórico
2022-12-03,133876.0,Histórico
2022-12-04,126826.0,Histórico
2022-12-05,143864.0,Histórico
2022-12-06,143564.0,Histórico
2022-12-07,139021.0,Histórico
2022-12-08,124278.0,Histórico
2022-12-09,132438.0,Histórico
2022-12-10,130558.0,Histórico
2022-12-11,119730.0,Histórico
2022-12-12,141044.0,Histórico
2022-12-13,130948.0,Histórico
2022-12-14,142081.0,Histórico
2022-12-15,137986.0,Histórico
2022-12-16,128678.0,Histórico
2022-12-17,118755.0,Histórico
2022-12-18,110650.0,Histórico
2022-12-19,131295.0,Histórico
2022-12-20,116393.0,Histórico
2022-12-21,124457.0,Histórico
2022-12-22,128681.0,Histórico
2022-12-23,130857.0,Histórico
2022-12-24,124571.0,Histórico
2022-12-25,114758.0,Histórico
2022-12-26,116904.0,Histórico
2022-12-27,132298.0,Histórico
2022-12-28,133232.0,Histórico
2022-12-29,126142.0,Histórico
2022-12-30,125073.0,Histórico
2022-12-31,119250.0,Histórico
2023-01-01,110901.0,Histórico
2023-01-02,117912.0,Histórico
2023-01-03,124960.0,Histórico
2023-01-04,130161.0,Histórico
2023-01-05,130569.0,Histórico
2023-01-06,119114.0,Histórico
2023-01-07,116849.0,Histórico
2023-01-08,102841.0,Histórico
2023-01-09,106224.0,Histórico
2023-01-10,126497.0,Histórico
2023-01-11,122686.0,Histórico
2023-01-12,111276.0,Histórico
2023-01-13,114212.0,Histórico
2023-01-14,120800.0,Histórico
2023-01-15,105262.0,Histórico
2023-01-16,118200.0,Histórico
2023-01-17,126546.0,Histórico
2023-01-18,127456.0,Histórico
2023-01-19,114113.0,Histórico
2023-01-20,112325.0,Histórico
2023-01-21,115698.0,Histórico
2023-01-22,108494.0,Histórico
2023-01-23,113466.0,Histórico
2023-01-24,122932.0,Histórico
2023-01-25,126900.0,Histórico
2023-01-26,130834.0,Histórico
2023-01-27,134106.0,Histórico
2023-01-28,124564.0,Histórico
2023-01-29,114103.0,Histórico
2023-01-30,119707.0,Histórico
2023-01-31,127280.0,Histórico
2023-02-01,125707.0,Histórico
2023-02-02,116807.0,Histórico
2023-02-03,121908.0,Histórico
2023-02-04,116019.0,Histórico
2023-02-05,100677.0,Histórico
2023-02-06,113624.0,Histórico
2023-02-07,125576.0,Histórico
2023-02-08,120791.0,Histórico
2023-02-09,123120.0,Histórico
2023-02-10,123600.0,Histórico
2023-02-11,124723.0,Histórico
2023-02-12,112003.0,Histórico
2023-02-13,114063.0,Histórico
2023-02-14,132578.0,Histórico
2023-02-15,125202.0,Histórico
2023-02-16,113307.0,Histórico
2023-02-17,124291.0,Histórico
2023-02-18,126941.0,Histórico
2023-02-19,107338.0,Histórico
2023-02-20,121224.0,Histórico
2023-02-21,129497.0,Histórico
2023-02-22,126111.0,Histórico
2023-02-23,119005.0,Histórico
2023-02-24,128066.0,Histórico
2023-02-25,124050.0,Histórico
2023-02-26,119109.0,Histórico
2023-02-27,132680.0,Histórico
2023-02-28,125290.0,Histórico
2023-03-01,129476.0,Histórico
2023-03-02,133673.0,Histórico
2023-03-03,127559.0,Histórico
2023-03-04,121305.0,Histórico
2023-03-05,109712.0,Histórico
2023-03-06,124181.0,Histórico
2023-03-07,128743.0,Histórico
2023-03-08,134505.0,Histórico
2023-03-09,132129.0,Histórico
2023-03-10,121222.0,Histórico
2023-03-11,117085.0,Histórico
2023-03-12,111448.0,Histórico
2023-03-13,121962.0,Histórico
2023-03-14,131628.0,Histórico
2023-03-15,130182.0,Histórico
2023-03-16,138184.0,Histórico
2023-03-17,143516.0,Histórico
2023-03-18,124892.0,Histórico
2023-03-19,110461.0,Histórico
2023-03-20,120539.0,Histórico
2023-03-21,145708.0,Histórico
2023-03-22,140431.0,Histórico
2023-03-23,134192.0,Histórico
2023-03-24,117845.0,Histórico
2023-03-25,123889.0,Histórico
2023-03-26,108027.0,Histórico
2023-03-27,130014.0,Histórico
2023-03-28,125689.0,Histórico
2023-03-29,121867.0,Histórico
2023-03-30,131546.0,Histórico
2023-03-31,126377.0,Histórico
2023-04-01,122254.0,Histórico
2023-04-02,109988.0,Histórico
2023-04-03,122337.0,Histórico
2023-04-04,129772.0,Histórico
2023-04-05,119214.0,Histórico
2023-04-06,116045.0,Histórico
2023-04-07,103932.0,Histórico
2023-04-08,116025.0,Histórico
2023-04-09,103794.0,Histórico
2023-04-10,127679.0,Histórico
2023-04-11,138245.0,Histórico
2023-04-12,141043.0,Histórico
2023-04-13,134972.0,Histórico
2023-04-14,139097.0,Histórico
2023-04-15,129454.0,Histórico
2023-04-16,120383.0,Histórico
2023-04-17,135714.0,Histórico
2023-04-18,143817.0,Histórico
2023-04-19,145406.0,Histórico
2023-04-20,136174.0,Histórico
2023-04-21,117154.0,Histórico
2023-04-22,117510.0,Histórico
2023-04-23,116426.0,Histórico
2023-04-24,117151.0,Histórico
2023-04-25,120729.0,Histórico
2023-04-26,135406.0,Histórico
2023-04-27,131811.0,Histórico
2023-04-28,129596.0,Histórico
2023-04-29,122359.0,Histórico
2023-04-30,114119.0,Histórico
2023-05-01,116448.0,Histórico
2023-05-02,123474.0,Histórico
2023-05-03,133937.0,Histórico
2023-05-04,134108.0,Histórico
2023-05-05,130517.0,Histórico
2023-05-06,115198.0,Histórico
2023-05-07,113341.0,Histórico
2023-05-08,130931.0,Histórico
2023-05-09,117281.0,Histórico
2023-05-10,117357.0,Histórico
2023-05-11,113092.0,Histórico
2023-05-12,123268.0,Histórico
2023-05-13,125227.0,Histórico
2023-05-14,109359.0,Histórico
2023-05-15,120326.0,Histórico
2023-05-16,126120.0,Histórico
2023-05-17,132023.0,Histórico
2023-05-18,140100.0,Histórico
2023-05-19,141475.0,Histórico
2023-05-20,131320.0,Histórico
2023-05-21,116618.0,Histórico
2023-05-22,120027.0,Histórico
2023-05-23,139796.0,Histórico
2023-05-24,115512.0,Histórico
2023-05-25,125587.0,Histórico
2023-05-26,124949.0,Histórico
2023-05-27,130169.0,Histórico
2023-05-28,118945.0,Histórico
2023-05-29,139773.0,Histórico
2023-05-30,142476.0,Histórico
2023-05-31,135275.0,Histórico
2023-06-01,127381.0,Histórico
2023-06-02,121708.0,Histórico
2023-06-03,118883.0,Histórico
2023-06-04,113867.0,Histórico
2023-06-05,126096.0,Histórico
2023-06-06,124168.0,Histórico
2023-06-07,116672.0,Histórico
2023-06-08,127644.0,Histórico
2023-06-09,126575.0,Histórico
2023-06-10,120038.0,Histórico
2023-06-11,115106.0,Histórico
2023-06-12,121133.0,Histórico
2023-06-13,134786.0,Histórico
2023-06-14,103084.0,Histórico
2023-06-15,79875.0,Histórico
2023-06-16,88525.0,Histórico
2023-06-17,96006.0,Histórico
2023-06-18,98276.0,Histórico
2023-06-19,103408.0,Histórico
2023-06-20,124406.0,Histórico
2023-06-21,131190.0,Histórico
2023-06-22,134526.0,Histórico
2023-06-23,132171.0,Histórico
2023-06-24,125927.0,Histórico
2023-06-25,116693.0,Histórico
2023-06-26,130255.0,Histórico
2023-06-27,133774.0,Histórico
2023-06-28,131246.0,Histórico
2023-06-29,127328.0,Histórico
2023-06-30,132194.0,Histórico
2023-07-01,122801.0,Histórico
2023-07-02,110571.0,Histórico
2023-07-03,122376.0,Histórico
2023-07-04,131657.0,Histórico
2023-07-05,132666.0,Histórico
2023-07-06,141989.0,Histórico
2023-07-07,141111.0,Histórico
2023-07-08,125854.0,Histórico
2023-07-09,120382.0,Histórico
2023-07-10,126451.0,Histórico
2023-07-11,135450.0,Histórico
2023-07-12,141294.0,Histórico
2023-07-13,139121.0,Histórico
2023-07-14,131400.0,Histórico
2023-07-15,117724.0,Histórico
2023-07-16,111231.0,Histórico
2023-07-17,136293.0,Histórico
2023-07-18,143618.0,Histórico
2023-07-19,128058.0,Histórico
2023-07-20,112348.0,Histórico
2023-07-21,136629.0,Histórico
2023-07-22,130204.0,Histórico
2023-07-23,118417.0,Histórico
2023-07-24,130920.0,Histórico
2023-07-25,138568.0,Histórico
2023-07-26,142829.0,Histórico
2023-07-27,147887.0,Histórico
2023-07-28,148721.0,Histórico
2023-07-29,140780.0,Histórico
2023-07-30,128966.0,Histórico
2023-07-31,148050.0,Histórico
2023-08-01,131979.0,Histórico
2023-08-02,136536.0,Histórico
2023-08-03,128664.0,Histórico
2023-08-04,129631.0,Histórico
2023-08-05,128573.0,Histórico
2023-08-06,121751.0,Histórico
2023-08-07,123286.0,Histórico
2023-08-08,126130.0,Histórico
2023-08-09,133814.0,Histórico
2023-08-10,142630.0,Histórico
2023-08-11,139969.0,Histórico
2023-08-12,128909.0,Histórico
2023-08-13,112647.0,Histórico
2023-08-14,121522.0,Histórico
2023-08-15,130862.0,Histórico
2023-08-16,139193.0,Histórico
2023-08-17,142637.0,Histórico
2023-08-18,147567.0,Histórico
2023-08-19,142337.0,Histórico
2023-08-20,134881.0,Histórico
2023-08-21,142548.0,Histórico
2023-08-22,160175.0,Histórico
2023-08-23,149589.0,Histórico
2023-08-24,146503.0,Histórico
2023-08-25,141903.0,Histórico
2023-08-26,136840.0,Histórico
2023-08-27,126962.0,Histórico
2023-08-28,148346.0,Histórico
2023-08-29,143759.0,Histórico
2023-08-30,139989.0,Histórico
2023-08-31,151439.0,Histórico
2023-09-01,147127.27895293495,Histórico
2023-09-02,149159.27895293495,Histórico
2023-09-03,144850.27895293495,Histórico
2023-09-04,127819.27895293495,Histórico
2023-09-05,133201.27895293495,Histórico
2023-09-06,141715.27895293495,Histórico
2023-09-07,148616.27895293495,Histórico
2023-09-08,136833.27895293495,Histórico
2023-09-09,142220.27895293495,Histórico
2023-09-10,135039.27895293495,Histórico
2023-09-11,128522.27895293495,Histórico
2023-09-12,151255.27895293495,Histórico
2023-09-13,157120.27895293495,Histórico
2023-09-14,160370.27895293495,Histórico
2023-09-15,152977.27895293495,Histórico
2023-09-16,136643.27895293495,Histórico
2023-09-17,138379.27895293495,Histórico
2023-09-18,130575.27895293495,Histórico
2023-09-19,155673.27895293495,Histórico
2023-09-20,155123.27895293495,Histórico
2023-09-21,159115.27895293495,Histórico
2023-09-22,160760.27895293495,Histórico
2023-09-23,141585.27895293495,Histórico
2023-09-24,131980.27895293495,Histórico
2023-09-25,133538.27895293495,Histórico
2023-09-26,160305.27895293495,Histórico
2023-09-27,166117.27895293495,Histórico
2023-09-28,167391.27895293495,Histórico
2023-09-29,157543.27895293495,Histórico
2023-09-30,143951.27895293495,Histórico
2023-10-01,130532.0,Histórico
2023-10-02,154893.0,Histórico
2023-10-03,162849.0,Histórico
2023-10-04,157329.0,Histórico
2023-10-05,155551.0,Histórico
2023-10-06,152691.0,Histórico
2023-10-07,148923.0,Histórico
2023-10-08,139543.0,Histórico
2023-10-09,156274.0,Histórico
2023-10-10,155396.0,Histórico
2023-10-11,157681.0,Histórico
2023-10-12,154848.0,Histórico
2023-10-13,136904.0,Histórico
2023-10-14,137272.0,Histórico
2023-10-15,124180.0,Histórico
2023-10-16,125327.0,Histórico
2023-10-17,148692.0,Histórico
2023-10-18,153097.0,Histórico
2023-10-19,151401.0,Histórico
2023-10-20,145802.0,Histórico
2023-10-21,130806.0,Histórico
2023-10-22,128218.0,Histórico
2023-10-23,150684.0,Histórico
2023-10-24,146468.0,Histórico
2023-10-25,152335.0,Histórico
2023-10-26,150609.0,Histórico
2023-10-27,149835.0,Histórico
2023-10-28,142597.0,Histórico
2023-10-29,122699.0,Histórico
2023-10-30,144534.0,Histórico
2023-10-31,143321.0,Histórico
2023-11-01,139699.0,Histórico
2023-11-02,145166.0,Histórico
2023-11-03,143460.0,Histórico
2023-11-04,139530.0,Histórico
2023-11-05,118888.0,Histórico
2023-11-06,128683.0,Histórico
2023-11-07,141758.0,Histórico
2023-11-08,141733.0,Histórico
2023-11-09,145204.0,Histórico
2023-11-10,135813.0,Histórico
2023-11-11,142044.0,Histórico
2023-11-12,131170.0,Histórico
2023-11-13,134300.0,Histórico
2023-11-14,148354.0,Histórico
2023-11-15,146490.0,Histórico
2023-11-16,151308.0,Histórico
2023-11-17,158680.0,Histórico
2023-11-18,142692.0,Histórico
2023-11-19,139892.0,Histórico
2023-11-20,154100.0,Histórico
2023-11-21,145498.0,Histórico
2023-11-22,147042.0,Histórico
2023-11-23,148388.0,Histórico
2023-11-24,137213.0,Histórico
2023-11-25,125293.0,Histórico
2023-11-26,117721.0,Histórico
2023-11-27,141519.0,Histórico
2023-11-28,142299.0,Histórico
2023-11-29,140703.0,Histórico
2023-11-30,132756.0,Histórico
2023-12-01,135961.0,Histórico
2023-12-02,129518.0,Histórico
2023-12-03,116984.0,Histórico
2023-12-04,131810.0,Histórico
2023-12-05,132826.0,Histórico
2023-12-06,130158.0,Histórico
2023-12-07,131625.0,Histórico
2023-12-08,122491.0,Histórico
2023-12-09,126960.0,Histórico
2023-12-10,126682.0,Histórico
2023-12-11,133069.0,Histórico
2023-12-12,146198.0,Histórico
2023-12-13,143495.0,Histórico
2023-12-14,141963.0,Histórico
2023-12-15,133067.0,Histórico
2023-12-16,123731.0,Histórico
2023-12-17,118936.0,Histórico
2023-12-18,135008.0,Histórico
2023-12-19,149915.0,Histórico
2023-12-20,157401.0,Histórico
2023-12-21,132693.0,Histórico
2023-12-22,137265.0,Histórico
2023-12-23,134124.0,Histórico
2023-12-24,120942.0,Histórico
2023-12-25,121453.0,Histórico
2023-12-26,129375.0,Histórico
2023-12-27,136174.0,Histórico
2023-12-28,118049.0,Histórico
2023-12-29,129152.0,Histórico
2023-12-30,128403.0,Histórico
2023-12-31,123199.0,Histórico
2024-01-01,121510.0,Histórico
2024-01-02,141503.0,Histórico
2024-01-03,147317.0,Histórico
2024-01-04,144294.0,Histórico
2024-01-05,125317.0,Histórico
2024-01-06,126206.0,Histórico
2024-01-07,119779.0,Histórico
2024-01-08,120428.0,Histórico
2024-01-09,138490.0,Histórico
2024-01-10,126301.0,Histórico
2024-01-11,130956.0,Histórico
2024-01-12,137804.0,Histórico
2024-01-13,127989.0,Histórico
2024-01-14,121989.0,Histórico
2024-01-15,132564.0,Histórico
2024-01-16,126944.0,Histórico
2024-01-17,134333.0,Histórico
2024-01-18,138071.0,Histórico
2024-01-19,131409.0,Histórico
2024-01-20,129141.0,Histórico
2024-01-21,121616.0,Histórico
2024-01-22,127372.0,Histórico
2024-01-23,135761.0,Histórico
2024-01-24,139018.0,Histórico
2024-01-25,125740.0,Histórico
2024-01-26,127773.0,Histórico
2024-01-27,128747.0,Histórico
2024-01-28,125325.0,Histórico
2024-01-29,138585.0,Histórico
2024-01-30,139262.0,Histórico
2024-01-31,127979.0,Histórico
2024-02-01,135251.0,Histórico
2024-02-02,142101.0,Histórico
2024-02-03,129807.0,Histórico
2024-02-04,118113.0,Histórico
2024-02-05,134482.0,Histórico
2024-02-06,132168.0,Histórico
2024-02-07,135030.0,Histórico
2024-02-08,144702.0,Histórico
2024-02-09,149274.0,Histórico
2024-02-10,142107.0,Histórico
2024-02-11,113956.0,Histórico
2024-02-12,130562.0,Histórico
2024-02-13,136855.0,Histórico
2024-02-14,134202.0,Histórico
2024-02-15,138410.0,Histórico
2024-02-16,136062.0,Histórico
2024-02-17,130441.0,Histórico
2024-02-18,124761.0,Histórico
2024-02-19,148477.0,Histórico
2024-02-20,140132.0,Histórico
2024-02-21,148297.0,Histórico
2024-02-22,156769.0,Histórico
2024-02-23,163399.0,Histórico
2024-02-24,149342.0,Histórico
2024-02-25,121487.0,Histórico
2024-02-26,140245.0,Histórico
2024-02-27,135873.0,Histórico
2024-02-28,140792.0,Histórico
2024-02-29,140430.0,Histórico
2024-03-01,129076.0,Histórico
2024-03-02,117490.0,Histórico
2024-03-03,114197.0,Histórico
2024-03-04,143835.0,Histórico
2024-03-05,154821.0,Histórico
2024-03-06,141570.0,Histórico
2024-03-07,133448.0,Histórico
2024-03-08,136534.0,Histórico
2024-03-09,131331.0,Histórico
2024-03-10,124860.0,Histórico
2024-03-11,145186.0,Histórico
2024-03-12,136178.0,Histórico
2024-03-13,139891.0,Histórico
2024-03-14,147048.0,Histórico
2024-03-15,148486.0,Histórico
2024-03-16,140128.0,Histórico
2024-03-17,128870.0,Histórico
2024-03-18,149082.0,Histórico
2024-03-19,143648.0,Histórico
2024-03-20,134976.0,Histórico
2024-03-21,145241.0,Histórico
2024-03-22,149215.0,Histórico
2024-03-23,121247.0,Histórico
2024-03-24,115810.0,Histórico
2024-03-25,121975.0,Histórico
2024-03-26,144952.0,Histórico
2024-03-27,139834.0,Histórico
2024-03-28,128595.0,Histórico
2024-03-29,127733.0,Histórico
2024-03-30,131659.0,Histórico
2024-03-31,127593.0,Histórico
2024-04-01,143970.0,Histórico
2024-04-02,147529.0,Histórico
2024-04-03,130269.0,Histórico
2024-04-04,138779.0,Histórico
2024-04-05,140580.0,Histórico
2024-04-06,126443.0,Histórico
2024-04-07,124975.0,Histórico
2024-04-08,147113.0,Histórico
2024-04-09,150761.0,Histórico
2024-04-10,142000.0,Histórico
2024-04-11,139948.0,Histórico
2024-04-12,141826.0,Histórico
2024-04-13,137854.0,Histórico
2024-04-14,130713.0,Histórico
2024-04-15,144095.0,Histórico
2024-04-16,150122.0,Histórico
2024-04-17,152662.0,Histórico
2024-04-18,140443.0,Histórico
2024-04-19,128718.0,Histórico
2024-04-20,129059.0,Histórico
2024-04-21,130270.0,Histórico
2024-04-22,152756.0,Histórico
2024-04-23,131725.0,Histórico
2024-04-24,134763.0,Histórico
2024-04-25,137267.0,Histórico
2024-04-26,126825.0,Histórico
2024-04-27,129969.0,Histórico
2024-04-28,122579.0,Histórico
2024-04-29,146555.0,Histórico
2024-04-30,146802.0,Histórico
2024-05-01,113623.04918032789,Histórico
2024-05-02,120649.04918032789,Histórico
2024-05-03,131112.0491803279,Histórico
2024-05-04,131283.0491803279,Histórico
2024-05-05,127692.04918032789,Histórico
2024-05-06,112373.04918032789,Histórico
2024-05-07,110516.04918032789,Histórico
2024-05-08,128106.04918032789,Histórico
2024-05-09,114456.04918032789,Histórico
2024-05-10,114532.04918032789,Histórico
2024-05-11,110267.04918032789,Histórico
2024-05-12,120443.04918032789,Histórico
2024-05-13,122402.04918032789,Histórico
2024-05-14,106534.04918032789,Histórico
2024-05-15,117501.04918032789,Histórico
2024-05-16,123295.04918032789,Histórico
2024-05-17,129198.04918032789,Histórico
2024-05-18,137275.0491803279,Histórico
2024-05-19,138650.0491803279,Histórico
2024-05-20,128495.04918032789,Histórico
2024-05-21,113793.04918032789,Histórico
2024-05-22,117202.04918032789,Histórico
2024-05-23,136971.0491803279,Histórico
2024-05-24,112687.04918032789,Histórico
2024-05-25,122762.04918032789,Histórico
2024-05-26,122124.04918032789,Histórico
2024-05-27,127344.04918032789,Histórico
2024-05-28,116120.04918032789,Histórico
2024-05-29,136948.0491803279,Histórico
2024-05-30,139651.0491803279,Histórico
2024-05-31,132450.0491803279,Histórico
2024-06-01,120017.0,Histórico
2024-06-02,117362.0,Histórico
2024-06-03,117967.0,Histórico
2024-06-04,126159.0,Histórico
2024-06-05,137247.0,Histórico
2024-06-06,123934.0,Histórico
2024-06-07,136738.0,Histórico
2024-06-08,123903.0,Histórico
2024-06-09,111725.0,Histórico
2024-06-10,119400.0,Histórico
2024-06-11,133052.0,Histórico
2024-06-12,136143.0,Histórico
2024-06-13,142178.0,Histórico
2024-06-14,142503.0,Histórico
2024-06-15,138201.0,Histórico
2024-06-16,125287.0,Histórico
2024-06-17,136706.0,Histórico
2024-06-18,136414.0,Histórico
2024-06-19,145198.0,Histórico
2024-06-20,144886.0,Histórico
2024-06-21,132646.0,Histórico
2024-06-22,133438.0,Histórico
2024-06-23,126001.0,Histórico
2024-06-24,145860.0,Histórico
2024-06-25,145995.0,Histórico
2024-06-26,147415.0,Histórico
2024-06-27,143878.0,Histórico
2024-06-28,139159.0,Histórico
2024-06-29,135804.0,Histórico
2024-06-30,128892.0,Histórico
2024-07-01,118837.0,Histórico
2024-07-02,126299.0,Histórico
2024-07-03,134757.0,Histórico
2024-07-04,134715.0,Histórico
2024-07-05,132467.0,Histórico
2024-07-06,129104.0,Histórico
2024-07-07,120566.0,Histórico
2024-07-08,139500.0,Histórico
2024-07-09,139041.0,Histórico
2024-07-10,139995.0,Histórico
2024-07-11,135859.0,Histórico
2024-07-12,136385.0,Histórico
2024-07-13,112728.0,Histórico
2024-07-14,106242.0,Histórico
2024-07-15,121921.0,Histórico
2024-07-16,127858.0,Histórico
2024-07-17,134741.0,Histórico
2024-07-18,141616.0,Histórico
2024-07-19,139889.0,Histórico
2024-07-20,125187.0,Histórico
2024-07-21,125501.0,Histórico
2024-07-22,143759.0,Histórico
2024-07-23,149823.0,Histórico
2024-07-24,152425.0,Histórico
2024-07-25,150992.0,Histórico
2024-07-26,149406.0,Histórico
2024-07-27,141217.0,Histórico
2024-07-28,129569.0,Histórico
2024-07-29,143267.0,Histórico
2024-07-30,148882.0,Histórico
2024-07-31,142901.0,Histórico
2024-08-01,136716.0,Histórico
2024-08-02,139855.0,Histórico
2024-08-03,133859.0,Histórico
2024-08-04,124570.0,Histórico
2024-08-05,146950.0,Histórico
2024-08-06,145346.0,Histórico
2024-08-07,134809.0,Histórico
2024-08-08,151078.0,Histórico
2024-08-09,156324.0,Histórico
2024-08-10,119430.0,Histórico
2024-08-11,100568.0,Histórico
2024-08-12,129057.0,Histórico
2024-08-13,135466.0,Histórico
2024-08-14,134786.0,Histórico
2024-08-15,129500.0,Histórico
2024-08-16,140079.0,Histórico
2024-08-17,139559.0,Histórico
2024-08-18,126376.0,Histórico
2024-08-19,129656.0,Histórico
2024-08-20,134086.0,Histórico
2024-08-21,149496.0,Histórico
2024-08-22,158480.0,Histórico
2024-08-23,162307.0,Histórico
2024-08-24,148661.0,Histórico
2024-08-25,134693.0,Histórico
2024-08-26,126714.0,Histórico
2024-08-27,131407.0,Histórico
2024-08-28,144423.0,Histórico
2024-08-29,150089.0,Histórico
2024-08-30,148731.0,Histórico
2024-08-31,140834.0,Histórico
2024-09-01,138608.0,Histórico
2024-09-02,140907.0,Histórico
2024-09-03,145535.0,Histórico
2024-09-04,156167.0,Histórico
2024-09-05,153949.0,Histórico
2024-09-06,145757.0,Histórico
2024-09-07,124818.0,Histórico
2024-09-08,125627.0,Histórico
2024-09-09,154500.0,Histórico
2024-09-10,159921.0,Histórico
2024-09-11,162167.0,Histórico
2024-09-12,162322.0,Histórico
2024-09-13,166026.0,Histórico
2024-09-14,158189.0,Histórico
2024-09-15,145480.0,Histórico
2024-09-16,156633.0,Histórico
2024-09-17,161105.0,Histórico
2024-09-18,158801.0,Histórico
2024-09-19,164997.0,Histórico
2024-09-20,162975.0,Histórico
2024-09-21,152911.0,Histórico
2024-09-22,119572.0,Histórico
2024-09-23,147687.0,Histórico
2024-09-24,154619.0,Histórico
2024-09-25,158817.0,Histórico
2024-09-26,149780.0,Histórico
2024-09-27,143219.0,Histórico
2024-09-28,132064.0,Histórico
2024-09-29,124305.0,Histórico
2024-09-30,141282.0,Histórico
2024-10-01,153465.0,Histórico
2024-10-02,163994.0,Histórico
2024-10-03,167916.0,Histórico
2024-10-04,132728.0,Histórico
2024-10-05,137501.0,Histórico
2024-10-06,121576.0,Histórico
2024-10-07,158067.0,Histórico
2024-10-08,163415.0,Histórico
2024-10-09,148684.0,Histórico
2024-10-10,153845.0,Histórico
2024-10-11,153398.0,Histórico
2024-10-12,151614.0,Histórico
2024-10-13,123669.0,Histórico
2024-10-14,124353.0,Histórico
2024-10-15,152287.0,Histórico
2024-10-16,160765.0,Histórico
2024-10-17,169882.0,Histórico
2024-10-18,165925.0,Histórico
2024-10-19,156054.0,Histórico
2024-10-20,137475.0,Histórico
2024-10-21,154095.0,Histórico
2024-10-22,152637.0,Histórico
2024-10-23,149274.0,Histórico
2024-10-24,141008.0,Histórico
2024-10-25,147264.0,Histórico
2024-10-26,149783.0,Histórico
2024-10-27,126940.0,Histórico
2024-10-28,135126.0,Histórico
2024-10-29,145197.0,Histórico
2024-10-30,151971.0,Histórico
2024-10-31,154795.0,Histórico
2024-11-01,166520.0,Histórico
2024-11-02,156257.0,Histórico
2024-11-03,113108.0,Histórico
2024-11-04,120621.0,Histórico
2024-11-05,153501.0,Histórico
2024-11-06,148706.0,Histórico
2024-11-07,149835.0,Histórico
2024-11-08,158989.0,Histórico
2024-11-09,125753.0,Histórico
2024-11-10,122888.0,Histórico
2024-11-11,134682.0,Histórico
2024-11-12,157469.0,Histórico
2024-11-13,141924.0,Histórico
2024-11-14,144804.0,Histórico
2024-11-15,147048.0,Histórico
2024-11-16,134654.0,Histórico
2024-11-17,127248.0,Histórico
2024-11-18,148951.0,Histórico
2024-11-19,153423.0,Histórico
2024-11-20,141051.0,Histórico
2024-11-21,147271.0,Histórico
2024-11-22,132460.0,Histórico
2024-11-23,128545.0,Histórico
2024-11-24,123106.0,Histórico
2024-11-25,145856.0,Histórico
2024-11-26,142965.0,Histórico
2024-11-27,139545.0,Histórico
2024-11-28,137048.0,Histórico
2024-11-29,142097.0,Histórico
2024-11-30,135326.0,Histórico
2024-12-01,133541.0,Histórico
2024-12-02,159338.0,Histórico
2024-12-03,151065.0,Histórico
2024-12-04,150411.0,Histórico
2024-12-05,138591.0,Histórico
2024-12-06,139162.0,Histórico
2024-12-07,128387.0,Histórico
2024-12-08,121036.0,Histórico
2024-12-09,134936.0,Histórico
2024-12-10,133334.0,Histórico
2024-12-11,142738.0,Histórico
2024-12-12,136836.0,Histórico
2024-12-13,137072.0,Histórico
2024-12-14,134706.0,Histórico
2024-12-15,128227.0,Histórico
2024-12-16,143584.0,Histórico
2024-12-17,143248.0,Histórico
2024-12-18,134615.0,Histórico
2024-12-19,137895.0,Histórico
2024-12-20,131642.0,Histórico
2024-12-21,136457.0,Histórico
2024-12-22,121409.0,Histórico
2024-12-23,132840.0,Histórico
2024-12-24,133599.0,Histórico
2024-12-25,119360.0,Histórico
2024-12-26,126186.0,Histórico
2024-12-27,131392.0,Histórico
2024-12-28,124546.0,Histórico
2024-12-29,113107.0,Histórico
2024-12-30,135515.0,Histórico
2024-12-31,126907.0,Histórico
2025-01-01,113425.0,Histórico
2025-01-02,124048.0,Histórico
2025-01-03,128827.0,Histórico
2025-01-04,122196.0,Histórico
2025-01-05,114241.0,Histórico
2025-01-06,119217.0,Histórico
2025-01-07,137195.0,Histórico
2025-01-08,138352.0,Histórico
2025-01-09,136909.0,Histórico
2025-01-10,140755.0,Histórico
2025-01-11,135500.0,Histórico
2025-01-12,126292.0,Histórico
2025-01-13,133093.0,Histórico
2025-01-14,132958.0,Histórico
2025-01-15,143234.0,Histórico
2025-01-16,143999.0,Histórico
2025-01-17,151509.0,Histórico
2025-01-18,143935.0,Histórico
2025-01-19,125141.0,Histórico
2025-01-20,139767.0,Histórico
2025-01-21,134542.0,Histórico
2025-01-22,125541.0,Histórico
2025-01-23,132569.0,Histórico
2025-01-24,135211.0,Histórico
2025-01-25,127961.0,Histórico
2025-01-26,119553.0,Histórico
2025-01-27,136800.0,Histórico
2025-01-28,142468.0,Histórico
2025-01-29,131362.0,Histórico
2025-01-30,132407.0,Histórico
2025-01-31,130348.0,Histórico
2025-02-01,123756.0,Histórico
2025-02-02,119306.0,Histórico
2025-02-03,132559.0,Histórico
2025-02-04,145306.0,Histórico
2025-02-05,133474.0,Histórico
2025-02-06,137462.0,Histórico
2025-02-07,119963.0,Histórico
2025-02-08,123276.0,Histórico
2025-02-09,118346.0,Histórico
2025-02-10,131162.0,Histórico
2025-02-11,122990.0,Histórico
2025-02-12,128865.0,Histórico
2025-02-13,116104.0,Histórico
2025-02-14,120263.0,Histórico
2025-02-15,122945.0,Histórico
2025-02-16,120758.0,Histórico
2025-02-17,127111.0,Histórico
2025-02-18,126145.0,Histórico
2025-02-19,137235.0,Histórico
2025-02-20,131436.0,Histórico
2025-02-21,133478.0,Histórico
2025-02-22,121858.0,Histórico
2025-02-23,112991.0,Histórico
2025-02-24,132334.0,Histórico
2025-02-25,134056.0,Histórico
2025-02-26,142521.0,Histórico
2025-02-27,138135.0,Histórico
2025-02-28,132799.0,Histórico
2025-03-01,138508.0,Histórico
2025-03-02,126071.0,Histórico
2025-03-03,134749.0,Histórico
2025-03-04,148208.0,Histórico
2025-03-05,141612.0,Histórico
2025-03-06,133533.0,Histórico
2025-03-07,137765.0,Histórico
2025-03-08,135667.0,Histórico
2025-03-09,123154.0,Histórico
2025-03-10,130857.0,Histórico
2025-03-11,139652.0,Histórico
2025-03-12,143210.0,Histórico
2025-03-13,141276.0,Histórico
2025-03-14,146459.0,Histórico
2025-03-15,135378.0,Histórico
2025-03-16,121941.0,Histórico
2025-03-17,147494.0,Histórico
2025-03-18,127159.0,Histórico
2025-03-19,137089.0,Histórico
2025-03-20,148692.0,Histórico
2025-03-21,133042.0,Histórico
2025-03-22,131178.0,Histórico
2025-03-23,124849.0,Histórico
2025-03-24,118297.0,Histórico
2025-03-25,141735.0,Histórico
2025-03-26,124863.0,Histórico
2025-03-27,130875.0,Histórico
2025-03-28,143209.0,Histórico
2025-03-29,122633.0,Histórico
2025-03-30,118009.0,Histórico
2025-03-31,138802.0,Histórico
2025-04-01,137645.29701137543,Predicción
2025-04-02,134205.95502376556,Predicción
2025-04-03,133956.86926031113,Predicción
2025-04-04,132520.58375883102,Predicción
2025-04-05,124848.22014951706,Predicción
2025-04-06,119006.44886398315,Predicción
2025-04-07,131052.05472421646,Predicción
2025-04-08,133026.0324306488,Predicción
2025-04-09,131168.47116279602,Predicción
2025-04-10,130479.3058719635,Predicción
2025-04-11,128982.10333681107,Predicción
2025-04-12,121278.16371297836,Predicción
2025-04-13,115478.93779921532,Predicción
2025-04-14,126764.97005462646,Predicción
2025-04-15,128808.91205596924,Predicción
2025-04-16,126881.618932724,Predicción
2025-04-17,126105.49742221832,Predicción
2025-04-18,124777.06981706619,Predicción
2025-04-19,117497.391913414,Predicción
2025-04-20,111834.74805641174,Predicción
2025-04-21,122789.07421970367,Predicción
2025-04-22,125002.07723045349,Predicción
2025-04-23,123080.34477567673,Predicción
2025-04-24,122330.73329019547,Predicción
2025-04-25,121149.08826065063,Predicción
2025-04-26,114208.0747346878,Predicción
2025-04-27,108667.43182468414,Predicción
2025-04-28,119099.21011161804,Predicción
2025-04-29,121529.94339084625,Predicción
2025-04-30,119666.93469429016,Predicción
